Sample Name	Sample ID	Organism	source	Download URL
Plant sample from Oenothera rosea	SAMN51885074	Oenothera rosea		https://www.ncbi.nlm.nih.gov/biosample/SAMN51885074
Plant sample from Oenothera rosea	SAMN51885073	Oenothera rosea		https://www.ncbi.nlm.nih.gov/biosample/SAMN51885073
Plant sample from Oenothera rosea	SAMN51885072	Oenothera rosea		https://www.ncbi.nlm.nih.gov/biosample/SAMN51885072
Plant sample from Oenothera rosea	SAMN51885068	Oenothera rosea		https://www.ncbi.nlm.nih.gov/biosample/SAMN51885068
Plant sample from Oenothera rosea	SAMN51885067	Oenothera rosea		https://www.ncbi.nlm.nih.gov/biosample/SAMN51885067
Plant sample from Oenothera rosea	SAMN51885066	Oenothera rosea		https://www.ncbi.nlm.nih.gov/biosample/SAMN51885066
Human sample from Homo sapiens	SAMN51245508	Homo sapiens		https://www.ncbi.nlm.nih.gov/biosample/SAMN51245508
Human sample from Homo sapiens	SAMN51245507	Homo sapiens		https://www.ncbi.nlm.nih.gov/biosample/SAMN51245507
Human sample from Homo sapiens	SAMN51245506	Homo sapiens		https://www.ncbi.nlm.nih.gov/biosample/SAMN51245506
Human sample from Homo sapiens	SAMN51245505	Homo sapiens		https://www.ncbi.nlm.nih.gov/biosample/SAMN51245505
Human sample from Homo sapiens	SAMN51245504	Homo sapiens		https://www.ncbi.nlm.nih.gov/biosample/SAMN51245504
Human sample from Homo sapiens	SAMN51245503	Homo sapiens		https://www.ncbi.nlm.nih.gov/biosample/SAMN51245503
Human sample from Homo sapiens	SAMN51245502	Homo sapiens		https://www.ncbi.nlm.nih.gov/biosample/SAMN51245502
Human sample from Homo sapiens	SAMN51245501	Homo sapiens		https://www.ncbi.nlm.nih.gov/biosample/SAMN51245501
Human sample from Homo sapiens	SAMN51245498	Homo sapiens		https://www.ncbi.nlm.nih.gov/biosample/SAMN51245498
Human sample from Homo sapiens	SAMN51245497	Homo sapiens		https://www.ncbi.nlm.nih.gov/biosample/SAMN51245497
Human sample from Homo sapiens	SAMN51245496	Homo sapiens		https://www.ncbi.nlm.nih.gov/biosample/SAMN51245496
Human sample from Homo sapiens	SAMN51245495	Homo sapiens		https://www.ncbi.nlm.nih.gov/biosample/SAMN51245495
Human sample from Homo sapiens	SAMN51245494	Homo sapiens		https://www.ncbi.nlm.nih.gov/biosample/SAMN51245494
Human sample from Homo sapiens	SAMN51245493	Homo sapiens		https://www.ncbi.nlm.nih.gov/biosample/SAMN51245493
Human sample from Homo sapiens	SAMN51245492	Homo sapiens		https://www.ncbi.nlm.nih.gov/biosample/SAMN51245492
Human sample from Homo sapiens	SAMN51245491	Homo sapiens		https://www.ncbi.nlm.nih.gov/biosample/SAMN51245491
Human sample from Homo sapiens	SAMN51245490	Homo sapiens		https://www.ncbi.nlm.nih.gov/biosample/SAMN51245490
Human sample from Homo sapiens	SAMN51245489	Homo sapiens		https://www.ncbi.nlm.nih.gov/biosample/SAMN51245489
Human sample from Homo sapiens	SAMN51245488	Homo sapiens		https://www.ncbi.nlm.nih.gov/biosample/SAMN51245488
Human sample from Homo sapiens	SAMN51245487	Homo sapiens		https://www.ncbi.nlm.nih.gov/biosample/SAMN51245487
Human sample from Homo sapiens	SAMN51245486	Homo sapiens		https://www.ncbi.nlm.nih.gov/biosample/SAMN51245486
Human sample from Homo sapiens	SAMN51245485	Homo sapiens		https://www.ncbi.nlm.nih.gov/biosample/SAMN51245485
Human sample from Homo sapiens	SAMN51245484	Homo sapiens		https://www.ncbi.nlm.nih.gov/biosample/SAMN51245484
Human sample from Homo sapiens	SAMN51245483	Homo sapiens		https://www.ncbi.nlm.nih.gov/biosample/SAMN51245483
Human sample from Homo sapiens	SAMN51245482	Homo sapiens		https://www.ncbi.nlm.nih.gov/biosample/SAMN51245482
Human sample from Homo sapiens	SAMN51245481	Homo sapiens		https://www.ncbi.nlm.nih.gov/biosample/SAMN51245481
Human sample from Homo sapiens	SAMN51245478	Homo sapiens		https://www.ncbi.nlm.nih.gov/biosample/SAMN51245478
Human sample from Homo sapiens	SAMN51245477	Homo sapiens		https://www.ncbi.nlm.nih.gov/biosample/SAMN51245477
Human sample from Homo sapiens	SAMN51245476	Homo sapiens		https://www.ncbi.nlm.nih.gov/biosample/SAMN51245476
Human sample from Homo sapiens	SAMN51245475	Homo sapiens		https://www.ncbi.nlm.nih.gov/biosample/SAMN51245475
Human sample from Homo sapiens	SAMN51245474	Homo sapiens		https://www.ncbi.nlm.nih.gov/biosample/SAMN51245474
Human sample from Homo sapiens	SAMN51245473	Homo sapiens		https://www.ncbi.nlm.nih.gov/biosample/SAMN51245473
Human sample from Homo sapiens	SAMN51245472	Homo sapiens		https://www.ncbi.nlm.nih.gov/biosample/SAMN51245472
Human sample from Homo sapiens	SAMN51245471	Homo sapiens		https://www.ncbi.nlm.nih.gov/biosample/SAMN51245471
Human sample from Homo sapiens	SAMN51245470	Homo sapiens		https://www.ncbi.nlm.nih.gov/biosample/SAMN51245470
Human sample from Homo sapiens	SAMN51245469	Homo sapiens		https://www.ncbi.nlm.nih.gov/biosample/SAMN51245469
Human sample from Homo sapiens	SAMN51233886	Homo sapiens		https://www.ncbi.nlm.nih.gov/biosample/SAMN51233886
Human sample from Homo sapiens	SAMN51233885	Homo sapiens		https://www.ncbi.nlm.nih.gov/biosample/SAMN51233885
Human sample from Homo sapiens	SAMN51233884	Homo sapiens		https://www.ncbi.nlm.nih.gov/biosample/SAMN51233884
Human sample from Homo sapiens	SAMN51233883	Homo sapiens		https://www.ncbi.nlm.nih.gov/biosample/SAMN51233883
Human sample from Homo sapiens	SAMN51233882	Homo sapiens		https://www.ncbi.nlm.nih.gov/biosample/SAMN51233882
Human sample from Homo sapiens	SAMN51233881	Homo sapiens		https://www.ncbi.nlm.nih.gov/biosample/SAMN51233881
Human sample from Homo sapiens	SAMN51233880	Homo sapiens		https://www.ncbi.nlm.nih.gov/biosample/SAMN51233880
Human sample from Homo sapiens	SAMN51233879	Homo sapiens		https://www.ncbi.nlm.nih.gov/biosample/SAMN51233879
Plant sample from Chlorella vulgaris	SAMN31831618	Chlorella vulgaris		https://www.ncbi.nlm.nih.gov/biosample/SAMN31831618
Plant sample from Chlorella vulgaris	SAMN31831617	Chlorella vulgaris		https://www.ncbi.nlm.nih.gov/biosample/SAMN31831617
Plant sample from Chlorella vulgaris	SAMN31831616	Chlorella vulgaris		https://www.ncbi.nlm.nih.gov/biosample/SAMN31831616
Plant sample from Chlorella vulgaris	SAMN31831615	Chlorella vulgaris		https://www.ncbi.nlm.nih.gov/biosample/SAMN31831615
Plant sample from Chlorella vulgaris	SAMN31831614	Chlorella vulgaris		https://www.ncbi.nlm.nih.gov/biosample/SAMN31831614
Plant sample from Chlorella vulgaris	SAMN31831613	Chlorella vulgaris		https://www.ncbi.nlm.nih.gov/biosample/SAMN31831613
Plant sample from Chlorella vulgaris	SAMN31831612	Chlorella vulgaris		https://www.ncbi.nlm.nih.gov/biosample/SAMN31831612
Plant sample from Chlorella vulgaris	SAMN31831611	Chlorella vulgaris		https://www.ncbi.nlm.nih.gov/biosample/SAMN31831611
Plant sample from Chlorella vulgaris	SAMN31831610	Chlorella vulgaris		https://www.ncbi.nlm.nih.gov/biosample/SAMN31831610
Human sample from Homo sapiens	SAMN51246498	Homo sapiens		https://www.ncbi.nlm.nih.gov/biosample/SAMN51246498
Human sample from Homo sapiens	SAMN51246497	Homo sapiens		https://www.ncbi.nlm.nih.gov/biosample/SAMN51246497
Human sample from Homo sapiens	SAMN51246496	Homo sapiens		https://www.ncbi.nlm.nih.gov/biosample/SAMN51246496
Human sample from Homo sapiens	SAMN51246495	Homo sapiens		https://www.ncbi.nlm.nih.gov/biosample/SAMN51246495
Human sample from Homo sapiens	SAMN51246494	Homo sapiens		https://www.ncbi.nlm.nih.gov/biosample/SAMN51246494
Human sample from Homo sapiens	SAMN51246493	Homo sapiens		https://www.ncbi.nlm.nih.gov/biosample/SAMN51246493
Human sample from Homo sapiens	SAMN51246492	Homo sapiens		https://www.ncbi.nlm.nih.gov/biosample/SAMN51246492
Human sample from Homo sapiens	SAMN51246491	Homo sapiens		https://www.ncbi.nlm.nih.gov/biosample/SAMN51246491
Human sample from Homo sapiens	SAMN51246488	Homo sapiens		https://www.ncbi.nlm.nih.gov/biosample/SAMN51246488
Human sample from Homo sapiens	SAMN51246487	Homo sapiens		https://www.ncbi.nlm.nih.gov/biosample/SAMN51246487
Human sample from Homo sapiens	SAMN51246486	Homo sapiens		https://www.ncbi.nlm.nih.gov/biosample/SAMN51246486
Human sample from Homo sapiens	SAMN51246485	Homo sapiens		https://www.ncbi.nlm.nih.gov/biosample/SAMN51246485
Human sample from Homo sapiens	SAMN51246484	Homo sapiens		https://www.ncbi.nlm.nih.gov/biosample/SAMN51246484
Human sample from Homo sapiens	SAMN51246483	Homo sapiens		https://www.ncbi.nlm.nih.gov/biosample/SAMN51246483
Human sample from Homo sapiens	SAMN51246482	Homo sapiens		https://www.ncbi.nlm.nih.gov/biosample/SAMN51246482
Human sample from Homo sapiens	SAMN51246481	Homo sapiens		https://www.ncbi.nlm.nih.gov/biosample/SAMN51246481
Human sample from Homo sapiens	SAMN51246480	Homo sapiens		https://www.ncbi.nlm.nih.gov/biosample/SAMN51246480
Human sample from Homo sapiens	SAMN51246479	Homo sapiens		https://www.ncbi.nlm.nih.gov/biosample/SAMN51246479
Human sample from Homo sapiens	SAMN51246478	Homo sapiens		https://www.ncbi.nlm.nih.gov/biosample/SAMN51246478
Human sample from Homo sapiens	SAMN51246477	Homo sapiens		https://www.ncbi.nlm.nih.gov/biosample/SAMN51246477
Human sample from Homo sapiens	SAMN51246476	Homo sapiens		https://www.ncbi.nlm.nih.gov/biosample/SAMN51246476
Human sample from Homo sapiens	SAMN51246475	Homo sapiens		https://www.ncbi.nlm.nih.gov/biosample/SAMN51246475
Human sample from Homo sapiens	SAMN51246474	Homo sapiens		https://www.ncbi.nlm.nih.gov/biosample/SAMN51246474
Human sample from Homo sapiens	SAMN51246473	Homo sapiens		https://www.ncbi.nlm.nih.gov/biosample/SAMN51246473
Human sample from Homo sapiens	SAMN51246472	Homo sapiens		https://www.ncbi.nlm.nih.gov/biosample/SAMN51246472
Human sample from Homo sapiens	SAMN51246471	Homo sapiens		https://www.ncbi.nlm.nih.gov/biosample/SAMN51246471
Human sample from Homo sapiens	SAMN51246468	Homo sapiens		https://www.ncbi.nlm.nih.gov/biosample/SAMN51246468
Human sample from Homo sapiens	SAMN51246467	Homo sapiens		https://www.ncbi.nlm.nih.gov/biosample/SAMN51246467
Human sample from Homo sapiens	SAMN51246466	Homo sapiens		https://www.ncbi.nlm.nih.gov/biosample/SAMN51246466
Human sample from Homo sapiens	SAMN51246465	Homo sapiens		https://www.ncbi.nlm.nih.gov/biosample/SAMN51246465
Human sample from Homo sapiens	SAMN51246464	Homo sapiens		https://www.ncbi.nlm.nih.gov/biosample/SAMN51246464
Human sample from Homo sapiens	SAMN51246463	Homo sapiens		https://www.ncbi.nlm.nih.gov/biosample/SAMN51246463
Human sample from Homo sapiens	SAMN51246462	Homo sapiens		https://www.ncbi.nlm.nih.gov/biosample/SAMN51246462
Human sample from Homo sapiens	SAMN51246461	Homo sapiens		https://www.ncbi.nlm.nih.gov/biosample/SAMN51246461
Human sample from Homo sapiens	SAMN51246460	Homo sapiens		https://www.ncbi.nlm.nih.gov/biosample/SAMN51246460
Human sample from Homo sapiens	SAMN51246459	Homo sapiens		https://www.ncbi.nlm.nih.gov/biosample/SAMN51246459
Human sample from Homo sapiens	SAMN51244788	Homo sapiens		https://www.ncbi.nlm.nih.gov/biosample/SAMN51244788
Human sample from Homo sapiens	SAMN51244787	Homo sapiens		https://www.ncbi.nlm.nih.gov/biosample/SAMN51244787
Human sample from Homo sapiens	SAMN51244786	Homo sapiens		https://www.ncbi.nlm.nih.gov/biosample/SAMN51244786
Human sample from Homo sapiens	SAMN51244785	Homo sapiens		https://www.ncbi.nlm.nih.gov/biosample/SAMN51244785
Human sample from Homo sapiens	SAMN51244784	Homo sapiens		https://www.ncbi.nlm.nih.gov/biosample/SAMN51244784
Human sample from Homo sapiens	SAMN51244783	Homo sapiens		https://www.ncbi.nlm.nih.gov/biosample/SAMN51244783
Human sample from Homo sapiens	SAMN51244782	Homo sapiens		https://www.ncbi.nlm.nih.gov/biosample/SAMN51244782
Human sample from Homo sapiens	SAMN51244781	Homo sapiens		https://www.ncbi.nlm.nih.gov/biosample/SAMN51244781
Human sample from Homo sapiens	SAMN51244778	Homo sapiens		https://www.ncbi.nlm.nih.gov/biosample/SAMN51244778
Human sample from Homo sapiens	SAMN51244777	Homo sapiens		https://www.ncbi.nlm.nih.gov/biosample/SAMN51244777
Human sample from Homo sapiens	SAMN51244776	Homo sapiens		https://www.ncbi.nlm.nih.gov/biosample/SAMN51244776
Human sample from Homo sapiens	SAMN51244775	Homo sapiens		https://www.ncbi.nlm.nih.gov/biosample/SAMN51244775
Human sample from Homo sapiens	SAMN51244774	Homo sapiens		https://www.ncbi.nlm.nih.gov/biosample/SAMN51244774
Human sample from Homo sapiens	SAMN51244773	Homo sapiens		https://www.ncbi.nlm.nih.gov/biosample/SAMN51244773
Human sample from Homo sapiens	SAMN51246858	Homo sapiens		https://www.ncbi.nlm.nih.gov/biosample/SAMN51246858
Human sample from Homo sapiens	SAMN51246857	Homo sapiens		https://www.ncbi.nlm.nih.gov/biosample/SAMN51246857
Human sample from Homo sapiens	SAMN51246856	Homo sapiens		https://www.ncbi.nlm.nih.gov/biosample/SAMN51246856
Human sample from Homo sapiens	SAMN51246855	Homo sapiens		https://www.ncbi.nlm.nih.gov/biosample/SAMN51246855
Human sample from Homo sapiens	SAMN51246854	Homo sapiens		https://www.ncbi.nlm.nih.gov/biosample/SAMN51246854
Human sample from Homo sapiens	SAMN51246853	Homo sapiens		https://www.ncbi.nlm.nih.gov/biosample/SAMN51246853
Human sample from Homo sapiens	SAMN51246852	Homo sapiens		https://www.ncbi.nlm.nih.gov/biosample/SAMN51246852
Human sample from Homo sapiens	SAMN51246851	Homo sapiens		https://www.ncbi.nlm.nih.gov/biosample/SAMN51246851
Human sample from Homo sapiens	SAMN51246848	Homo sapiens		https://www.ncbi.nlm.nih.gov/biosample/SAMN51246848
Human sample from Homo sapiens	SAMN51246847	Homo sapiens		https://www.ncbi.nlm.nih.gov/biosample/SAMN51246847
Human sample from Homo sapiens	SAMN51246846	Homo sapiens		https://www.ncbi.nlm.nih.gov/biosample/SAMN51246846
Human sample from Homo sapiens	SAMN51246845	Homo sapiens		https://www.ncbi.nlm.nih.gov/biosample/SAMN51246845
Human sample from Homo sapiens	SAMN51246844	Homo sapiens		https://www.ncbi.nlm.nih.gov/biosample/SAMN51246844
Human sample from Homo sapiens	SAMN51246843	Homo sapiens		https://www.ncbi.nlm.nih.gov/biosample/SAMN51246843
Human sample from Homo sapiens	SAMN51246842	Homo sapiens		https://www.ncbi.nlm.nih.gov/biosample/SAMN51246842
Human sample from Homo sapiens	SAMN51246841	Homo sapiens		https://www.ncbi.nlm.nih.gov/biosample/SAMN51246841
Human sample from Homo sapiens	SAMN51246840	Homo sapiens		https://www.ncbi.nlm.nih.gov/biosample/SAMN51246840
Human sample from Homo sapiens	SAMN51246839	Homo sapiens		https://www.ncbi.nlm.nih.gov/biosample/SAMN51246839
Human sample from Homo sapiens	SAMN51246838	Homo sapiens		https://www.ncbi.nlm.nih.gov/biosample/SAMN51246838
Human sample from Homo sapiens	SAMN51246837	Homo sapiens		https://www.ncbi.nlm.nih.gov/biosample/SAMN51246837
Human sample from Homo sapiens	SAMN51246836	Homo sapiens		https://www.ncbi.nlm.nih.gov/biosample/SAMN51246836
Human sample from Homo sapiens	SAMN51246835	Homo sapiens		https://www.ncbi.nlm.nih.gov/biosample/SAMN51246835
Human sample from Homo sapiens	SAMN51246834	Homo sapiens		https://www.ncbi.nlm.nih.gov/biosample/SAMN51246834
Human sample from Homo sapiens	SAMN51246833	Homo sapiens		https://www.ncbi.nlm.nih.gov/biosample/SAMN51246833
Human sample from Homo sapiens	SAMN51246832	Homo sapiens		https://www.ncbi.nlm.nih.gov/biosample/SAMN51246832
Human sample from Homo sapiens	SAMN51246831	Homo sapiens		https://www.ncbi.nlm.nih.gov/biosample/SAMN51246831
Human sample from Homo sapiens	SAMN51246828	Homo sapiens		https://www.ncbi.nlm.nih.gov/biosample/SAMN51246828
Human sample from Homo sapiens	SAMN51246827	Homo sapiens		https://www.ncbi.nlm.nih.gov/biosample/SAMN51246827
Human sample from Homo sapiens	SAMN51246826	Homo sapiens		https://www.ncbi.nlm.nih.gov/biosample/SAMN51246826
Human sample from Homo sapiens	SAMN51246825	Homo sapiens		https://www.ncbi.nlm.nih.gov/biosample/SAMN51246825
Human sample from Homo sapiens	SAMN51246824	Homo sapiens		https://www.ncbi.nlm.nih.gov/biosample/SAMN51246824
Human sample from Homo sapiens	SAMN51246823	Homo sapiens		https://www.ncbi.nlm.nih.gov/biosample/SAMN51246823
Human sample from Homo sapiens	SAMN51246822	Homo sapiens		https://www.ncbi.nlm.nih.gov/biosample/SAMN51246822
Human sample from Homo sapiens	SAMN51246821	Homo sapiens		https://www.ncbi.nlm.nih.gov/biosample/SAMN51246821
Human sample from Homo sapiens	SAMN51246820	Homo sapiens		https://www.ncbi.nlm.nih.gov/biosample/SAMN51246820
Human sample from Homo sapiens	SAMN51246819	Homo sapiens		https://www.ncbi.nlm.nih.gov/biosample/SAMN51246819
Human sample from Homo sapiens	SAMN51245148	Homo sapiens		https://www.ncbi.nlm.nih.gov/biosample/SAMN51245148
Human sample from Homo sapiens	SAMN51245147	Homo sapiens		https://www.ncbi.nlm.nih.gov/biosample/SAMN51245147
Human sample from Homo sapiens	SAMN51245146	Homo sapiens		https://www.ncbi.nlm.nih.gov/biosample/SAMN51245146
Human sample from Homo sapiens	SAMN51245145	Homo sapiens		https://www.ncbi.nlm.nih.gov/biosample/SAMN51245145
Human sample from Homo sapiens	SAMN51245144	Homo sapiens		https://www.ncbi.nlm.nih.gov/biosample/SAMN51245144
Human sample from Homo sapiens	SAMN51245143	Homo sapiens		https://www.ncbi.nlm.nih.gov/biosample/SAMN51245143
Human sample from Homo sapiens	SAMN51245142	Homo sapiens		https://www.ncbi.nlm.nih.gov/biosample/SAMN51245142
Human sample from Homo sapiens	SAMN51245141	Homo sapiens		https://www.ncbi.nlm.nih.gov/biosample/SAMN51245141
Human sample from Homo sapiens	SAMN51245138	Homo sapiens		https://www.ncbi.nlm.nih.gov/biosample/SAMN51245138
Human sample from Homo sapiens	SAMN51245137	Homo sapiens		https://www.ncbi.nlm.nih.gov/biosample/SAMN51245137
Human sample from Homo sapiens	SAMN51245136	Homo sapiens		https://www.ncbi.nlm.nih.gov/biosample/SAMN51245136
Human sample from Homo sapiens	SAMN51245135	Homo sapiens		https://www.ncbi.nlm.nih.gov/biosample/SAMN51245135
Human sample from Homo sapiens	SAMN51245134	Homo sapiens		https://www.ncbi.nlm.nih.gov/biosample/SAMN51245134
Human sample from Homo sapiens	SAMN51245133	Homo sapiens		https://www.ncbi.nlm.nih.gov/biosample/SAMN51245133
